{"last_action": 8,"last_state": [2,12.661903789690601,2,21,67],"weight": [[547,640,642,623,676,651,647,596,25232,628],[4548.8913045555255,5343.887500008273,5395.43827045441,5158.573175538849,5522.883743669881,5427.011193239892,5351.937474629231,4929.244861698573,212974.55530424937,5252.91357628122],[2440,2752,2725,2697,2737,2955,2869,2440,111215,2550],[16788,18729,17764,18654,18781,20245,19279,16538,760037,17310],[20617,24164,24318,23369,25029,24262,23785,22348,940233,23584]],"input": [2,12.661903789690601,2,21,67],"outputScore": [6468760919.614224,7439393833.558661,7461497298.693949,7015933715.354616,7345781270.829075,7711800986.686893,7236372917.832282,6579741658.809,1,7043554695.900741]}