{"last_action": 8,"last_state": [2,10.899494936611665,2,82,26],"weight": [[889,956,950,939,1008,969,927,907,38562,1041],[7698.274680031518,8139.482429822363,8204.749763631193,8106.72811410287,8590.852716172865,8363.769866958444,7890.9317524038925,7700.869652167584,334711.79020135873,9011.839103979662],[4296,4459,4357,4526,4523,4623,4471,4091,184341,4373],[30628,31457,28871,32296,32795,33088,31174,28720,1307393,30523],[32486,35212,35532,34348,36632,35258,33886,33190,1410894,38016]],"input": [2,10.899494936611665,2,82,26],"outputScore": [15068385509.945421,16835009256.010979,16878149510.599014,16298859136.016417,17274776486.469387,17275948361.689274,16361349393.709885,15245064111.90451,Infinity,16697577740.708086]}